{"inputUnits":[34],"outputUnits":3,"inputs":{"0":{"dtype":"number","min":248.85216666476302,"max":267.73607101589147},"1":{"dtype":"number","min":216.24355323598166,"max":232.06792939243724},"2":{"dtype":"number","min":266.6643430475603,"max":291.6808766742431},"3":{"dtype":"number","min":197.58656879149913,"max":209.91020633928025},"4":{"dtype":"number","min":227.20370108621162,"max":248.72982627467104},"5":{"dtype":"number","min":194.45224992480655,"max":207.71175332469085},"6":{"dtype":"number","min":286.8808001244974,"max":318.9501651221084},"7":{"dtype":"number","min":212.7710781878198,"max":223.87397007635462},"8":{"dtype":"number","min":192.7771144814891,"max":220.89093898007278},"9":{"dtype":"number","min":202.64205337732625,"max":216.32303724976776},"10":{"dtype":"number","min":318.638152183845,"max":364.159550657514},"11":{"dtype":"number","min":296.1116667332937,"max":322.53570854082903},"12":{"dtype":"number","min":136.57672131038316,"max":187.0956884908397},"13":{"dtype":"number","min":299.4708472432216,"max":331.1441771747076},"14":{"dtype":"number","min":320.9463606568572,"max":420.237161439297},"15":{"dtype":"number","min":384.3075186746162,"max":469.4197341294316},"16":{"dtype":"number","min":86.45390977171661,"max":182.46467248273407},"17":{"dtype":"number","min":379.8805345382839,"max":455.59658355415445},"18":{"dtype":"number","min":272.7879901610852,"max":392.3592479326571},"19":{"dtype":"number","min":298.76986438535573,"max":412.1875142772295},"20":{"dtype":"number","min":116.09598111455668,"max":300.803436814693},"21":{"dtype":"number","min":280.6871321233857,"max":415.6898046422887},"22":{"dtype":"number","min":276.0154759814167,"max":337.2269335592467},"23":{"dtype":"number","min":493.67178874173817,"max":555.8659657260828},"24":{"dtype":"number","min":145.61392027499846,"max":224.39767937911182},"25":{"dtype":"number","min":484.4995355141325,"max":554.7676696182459},"26":{"dtype":"number","min":258.0409631859257,"max":340.15956350702055},"27":{"dtype":"number","min":538.89408206382,"max":552.2289128889117},"28":{"dtype":"number","min":156.29812318679183,"max":242.85338492886132},"29":{"dtype":"number","min":524.7174048470242,"max":556.9948841117279},"30":{"dtype":"number","min":255.15980532759576,"max":338.32211507458896},"31":{"dtype":"number","min":555.3455800433837,"max":560.7768878602145},"32":{"dtype":"number","min":154.05616328962597,"max":259.68359527067366},"33":{"dtype":"number","min":555.1710352609497,"max":562.2372600116693}},"outputs":{"0":{"dtype":"string","min":0,"max":1,"uniqueValues":["a","b","c"],"legend":{"a":[1,0,0],"b":[0,1,0],"c":[0,0,1]}}},"isNormalized":true}